Epoch,Train Loss,Val Loss,Train Accuracy,Val Accuracy
1,2.570596933364868,1.1313581466674805,0.2994791567325592,0.7808765172958374
2,1.0358262062072754,0.37737539410591125,0.6989583373069763,0.8764940500259399
3,0.5904121398925781,0.2556591331958771,0.8114583492279053,0.892430305480957
4,0.41398271918296814,0.19561068713665009,0.8526041507720947,0.9083665609359741
5,0.34177103638648987,0.1601100116968155,0.8671875,0.9203187227249146
6,0.31423380970954895,0.1534009724855423,0.879687488079071,0.9243028163909912
7,0.2853003442287445,0.1902075856924057,0.8848958611488342,0.8964143395423889
8,0.24951930344104767,0.16538643836975098,0.893750011920929,0.912350594997406
9,0.2404738813638687,0.1581565886735916,0.9010416865348816,0.9163346886634827
10,0.21525898575782776,0.14956724643707275,0.9098958373069763,0.9282868504524231
11,0.15508802235126495,0.1326342672109604,0.9333333373069763,0.9601593613624573
12,0.1714230626821518,0.1819160133600235,0.9291666746139526,0.9163346886634827
13,0.18915867805480957,0.17199070751667023,0.9276041388511658,0.9083665609359741
14,0.15608754754066467,0.13413622975349426,0.9375,0.9402390718460083
15,0.17266030609607697,0.15633723139762878,0.9255208373069763,0.9561753273010254
16,0.15658490359783173,0.1590103805065155,0.9369791746139526,0.9282868504524231
17,0.14722305536270142,0.12905822694301605,0.9333333373069763,0.9163346886634827
18,0.1293126791715622,0.13033509254455566,0.9427083134651184,0.9282868504524231
19,0.1165907010436058,0.150406152009964,0.9604166746139526,0.9681274890899658
20,0.09707672148942947,0.13251562416553497,0.9614583253860474,0.9641434550285339
21,0.09637534618377686,0.14802369475364685,0.9635416865348816,0.9601593613624573
22,0.10527925938367844,0.12704387307167053,0.9645833373069763,0.9681274890899658
23,0.09230057150125504,0.1642148196697235,0.964062511920929,0.9521912336349487
24,0.09402329474687576,0.15855452418327332,0.971875011920929,0.9681274890899658
25,0.06935752183198929,0.12632793188095093,0.9760416746139526,0.9561753273010254
26,0.07020669430494308,0.12094996124505997,0.973437488079071,0.9681274890899658
27,0.0834905207157135,0.11964058130979538,0.971875011920929,0.9681274890899658
28,0.06326524913311005,0.11220632493495941,0.9817708134651184,0.9561753273010254
29,0.06326638907194138,0.13088561594486237,0.9750000238418579,0.9641434550285339
30,0.07222677022218704,0.12683668732643127,0.973437488079071,0.9641434550285339
31,0.05572604387998581,0.09063427150249481,0.9802083373069763,0.9641434550285339
32,0.06082960218191147,0.11133547127246857,0.979687511920929,0.9681274890899658
33,0.04235583171248436,0.12424657493829727,0.9869791865348816,0.9760956168174744
34,0.044095877557992935,0.132377028465271,0.9869791865348816,0.9681274890899658
35,0.057420969009399414,0.15384513139724731,0.9807291626930237,0.9521912336349487
36,0.0660438984632492,0.15727607905864716,0.9791666865348816,0.9641434550285339
37,0.049632493406534195,0.1112246960401535,0.9828125238418579,0.9721115827560425
38,0.04917186498641968,0.1446961909532547,0.9859374761581421,0.9601593613624573
39,0.046833496540784836,0.14353063702583313,0.9869791865348816,0.9641434550285339
40,0.05125159025192261,0.1710176318883896,0.9864583611488342,0.9641434550285339
41,0.04438682645559311,0.189983531832695,0.9869791865348816,0.9641434550285339
42,0.045705437660217285,0.11842118948698044,0.9854166507720947,0.9681274890899658
43,0.05257023125886917,0.1244155541062355,0.9854166507720947,0.9721115827560425
44,0.06088642030954361,0.12175267189741135,0.9817708134651184,0.9721115827560425
45,0.04233183339238167,0.14144645631313324,0.9895833134651184,0.9760956168174744
46,0.05135979875922203,0.17515842616558075,0.9828125238418579,0.9601593613624573
47,0.04318329319357872,0.19262920320034027,0.9854166507720947,0.9601593613624573
48,0.027065329253673553,0.18629106879234314,0.9911458492279053,0.9561753273010254
49,0.035968851298093796,0.15586040914058685,0.9880208373069763,0.9641434550285339
50,0.04978660121560097,0.18638578057289124,0.9848958253860474,0.9641434550285339
51,0.03657103329896927,0.14943593740463257,0.9838541746139526,0.9760956168174744
52,0.034763261675834656,0.18118415772914886,0.989062488079071,0.9681274890899658
53,0.034402523189783096,0.16352100670337677,0.987500011920929,0.9601593613624573
